TenantId,PaymentFileId,PaymentId,PaymentCreatedAt,CompletedAt
1,5e7edd4df226c30a2051540481914a39,5e7edd4df226c30a2051540481914a39--a0289b01-4ce6-49b5-90fb-f315f119a09b,2026-06-26 16:02:23.493199,2026-07-02 21:27:32.840000
1,5e7edd4df226c30a2051540481914a39,5e7edd4df226c30a2051540481914a39--ab5da7e1-28c0-41d4-bc3d-17ecee483baa,2026-06-26 16:02:23.493199,2026-07-02 21:27:32.840000
1,5e7edd4df226c30a2051540481914a39,5e7edd4df226c30a2051540481914a39--60a2a5e0-06a5-48c3-b6c0-7a67768f3134,2026-06-26 16:02:23.493199,2026-07-02 21:27:32.840000
1,5e7edd4df226c30a2051540481914a39,5e7edd4df226c30a2051540481914a39--a31cde0a-32d5-4792-9d81-cd15008e32b9,2026-06-26 16:02:23.493199,2026-07-02 21:27:32.840000
1,5e7edd4df226c30a2051540481914a39,5e7edd4df226c30a2051540481914a39--d850e15a-1312-468d-a45a-2b2ceccfe66a,2026-06-26 16:02:23.493199,2026-07-02 21:27:32.840000
1,5e7edd4df226c30a2051540481914a39,5e7edd4df226c30a2051540481914a39--665614e2-b69b-4d6e-870f-67bf3fbaca15,2026-06-26 16:02:23.493199,2026-07-02 21:27:32.840000
1,5e7edd4df226c30a2051540481914a39,5e7edd4df226c30a2051540481914a39--5aef6576-8230-445c-802d-718f91e80172,2026-06-26 16:02:23.493199,2026-07-02 21:27:32.840000
1,5e7edd4df226c30a2051540481914a39,5e7edd4df226c30a2051540481914a39--a596b0a7-c868-4791-abc4-4acef71f0eaf,2026-06-26 16:02:23.493199,2026-07-02 21:27:32.840000
1,5e7edd4df226c30a2051540481914a39,5e7edd4df226c30a2051540481914a39--8293873e-0424-4dfb-88aa-6c674dd89563,2026-06-26 16:02:23.493199,2026-07-02 21:27:32.840000
1,5e7edd4df226c30a2051540481914a39,5e7edd4df226c30a2051540481914a39--53c53f8f-551d-4378-9b34-3b08d74e50d1,2026-06-26 16:02:23.493199,2026-07-02 21:27:32.840000