"TenantId","PaymentFileId","PaymentId","PaymentCreatedAt","CompletedAt"
"1",ea6f7867ee121e480e2cd5c714a78029,ea6f7867ee121e480e2cd5c714a78029--fecffbb6-9771-4473-bd3d-716ec3ecc7c6,"2026-07-01 09:40:38.728315","2026-07-02 08:34:32.180000"
"1",ea6f7867ee121e480e2cd5c714a78029,ea6f7867ee121e480e2cd5c714a78029--e3bb753e-39a9-4cd1-af54-b784b5f8c2d8,"2026-07-01 09:40:39.081800","2026-07-03 21:30:18.279000"
"1",ea6f7867ee121e480e2cd5c714a78029,ea6f7867ee121e480e2cd5c714a78029--24fda69b-b0a9-4f8f-8f36-a7a60ac09936,"2026-07-01 09:40:39.178581","2026-07-02 22:17:52.873000"
"1",ea6f7867ee121e480e2cd5c714a78029,ea6f7867ee121e480e2cd5c714a78029--c8f4246d-4155-4d15-b192-9f572754e4dd,"2026-07-01 09:40:38.979574","2026-07-03 03:31:23.106000"
"1",ea6f7867ee121e480e2cd5c714a78029,ea6f7867ee121e480e2cd5c714a78029--d1a82f31-8dd0-4bbf-bb9d-954b9e050137,"2026-07-01 09:40:38.925196","2026-07-04 00:36:40.191000"
"1",ea6f7867ee121e480e2cd5c714a78029,ea6f7867ee121e480e2cd5c714a78029--a00f70b5-5cde-4461-baf1-9c879766a668,"2026-07-01 09:40:39.029093","2026-07-03 00:40:27.077000"
"1",ea6f7867ee121e480e2cd5c714a78029,ea6f7867ee121e480e2cd5c714a78029--e16c9664-13b5-4d94-b10d-f1dbc5c82cd4,"2026-07-01 09:40:39.424336","2026-07-04 00:40:49.725000"
"1",ea6f7867ee121e480e2cd5c714a78029,ea6f7867ee121e480e2cd5c714a78029--72e8444d-b3db-40f2-ab21-4f9e998d8e4b,"2026-07-01 09:40:39.683650","2026-07-03 21:30:18.287000"
"1",ea6f7867ee121e480e2cd5c714a78029,ea6f7867ee121e480e2cd5c714a78029--fff6706a-bc43-4c09-9edf-5dd3e3a7d1b5,"2026-07-01 09:40:38.822596","2026-07-04 00:40:49.728000"
"1",ea6f7867ee121e480e2cd5c714a78029,ea6f7867ee121e480e2cd5c714a78029--923130f0-3f42-41de-a343-9c19f51a0cb0,"2026-07-01 09:40:39.275362","2026-07-04 00:39:39.943000"
"1",ea6f7867ee121e480e2cd5c714a78029,ea6f7867ee121e480e2cd5c714a78029--3e4de6be-a369-42af-a9f9-7a3b043ed839,"2026-07-01 09:40:39.629172","2026-07-03 03:31:23.102000"
"1",ea6f7867ee121e480e2cd5c714a78029,ea6f7867ee121e480e2cd5c714a78029--6e7f093d-6c22-4fea-aa49-59e772a9413d,"2026-07-01 09:40:38.874742","2026-07-02 08:34:32.174000"
"1",ea6f7867ee121e480e2cd5c714a78029,ea6f7867ee121e480e2cd5c714a78029--85711c9a-b2e9-4217-b912-c8599e943482,"2026-07-01 09:40:39.538376","2026-07-03 03:31:23.113000"
"1",ea6f7867ee121e480e2cd5c714a78029,ea6f7867ee121e480e2cd5c714a78029--890e4115-73c3-47a6-8657-d6433882a148,"2026-07-01 09:40:39.375204","2026-07-03 00:39:26.838000"
"1",ea6f7867ee121e480e2cd5c714a78029,ea6f7867ee121e480e2cd5c714a78029--f816793c-b3df-4dfb-9a47-9df73c766a4b,"2026-07-01 09:40:39.329437","2026-07-03 21:30:18.285000"
"1",ea6f7867ee121e480e2cd5c714a78029,ea6f7867ee121e480e2cd5c714a78029--f1c11bec-185a-407a-ba83-ae91617f5c6c,"2026-07-01 09:40:39.585371","2026-07-04 00:36:40.189000"
"1",ea6f7867ee121e480e2cd5c714a78029,ea6f7867ee121e480e2cd5c714a78029--0a8ab6a1-acf0-4d94-858d-573c406411c6,"2026-07-01 09:40:38.776953","2026-07-03 03:31:23.108000"
"1",ea6f7867ee121e480e2cd5c714a78029,ea6f7867ee121e480e2cd5c714a78029--adb3e286-9bfc-4694-af6a-e79c29857859,"2026-07-01 09:40:39.128515","2026-07-03 21:30:18.288000"
"1",ea6f7867ee121e480e2cd5c714a78029,ea6f7867ee121e480e2cd5c714a78029--0f2ab90c-3622-4715-a246-2688a3fb714a,"2026-07-01 09:40:39.488204","2026-07-02 11:34:32.166000"
"1",ea6f7867ee121e480e2cd5c714a78029,ea6f7867ee121e480e2cd5c714a78029--b0a25107-ed68-444a-b1bf-ca20b4d2a92e,"2026-07-01 09:40:39.226357","2026-07-04 00:37:11.217000"